# 逐篇畫意編輯稿。欄位：原典序號|取景語詞|釋義與畫面約束|核定物象|情緒|敘事層次|章法|附加設定
# 序號只供編輯；build-work-catalog.cjs 編譯為作者＋完整篇名，並保存原文指紋。
1|反求諸其身|射失正鵠須反省自己；以弓靶寓自省，勿畫成戰爭。|bow,target|serene|symbolic|object|
2|吾行郤曲|接輿避亂自保；曲行是艱難處世，鳳是對孔子的稱喻。|path,person|desolate|symbolic|journey|personAction=walk
5|我以不貪為寶|子罕以廉潔為寶；一人獻玉，一人辭讓，玉留在獻者手邊。|person,jade|serene|literal|duet|personCount=2;personAction=refuse
6|下視其轍|曹劌先察車轍旗勢再追擊；畫俯身察轍與停下的戰車。|person,cart,banner|heroic|literal|war|personAction=inspect
7|隧而相見|母子在地道重見，表現悔恨後和解；不把黃泉畫成亡魂。|person,cave|longing|literal|duet|personCount=2
8|夜縋而出|燭之武夜間縋城出使，以一人之身化解圍城。|wall,person,rope|patriotic|literal|journey|time=night;personAction=descend
11|衣緇衣而反|換黑衣使狗不識主人；畫黑衣人與警戒的狗，白狗變黑只是設喻。|person,dog|serene|literal|duet|
12|三十輻|車轂中空才有用；留出車輪軸孔，表現有與無的相成。|wheel,vessel|zen|symbolic|object|
13|合抱之木|大木起於毫末，成事須慎始慎終；以幼苗與大木作成長對照。|tree,sprout|serene|symbolic|object|
15|甕牖|同一風因處境而異；取庶人破窗陋屋的窘迫，不畫帝王遊賞。|house,person|melancholy|literal|interior|weather=wind
16|河海不擇細流|納客如河海納流，以多支細流匯海寄托容納人才。|river,sea|heroic|symbolic|river|
17|剛柔相摩|陰陽剛柔交感而生變化；以卦爻疏密呈現，日月寒暑不拼成一時。|trigrams|zen|symbolic|object|
18|一人專心致志|兩人同學弈而專心不同；三人圍棋，鴻鵠只是分心者的想像。|chess,person|serene|literal|study|personCount=3;personAction=study
19|勞其筋骨|困厄磨練意志能力；取舜耕畎畝作論證插圖，不混畫六人身世。|field,person|heroic|symbolic|village|personAction=farm
20|與民同樂|鼓樂的喜悲取決於百姓處境；以共樂的假設場景呈現仁政主張。|drum,person|joyful|imagined|gathering|personCount=5
21|一簞食|食物與尊嚴的抉擇；受施者拒絕侮辱，魚熊掌不畫成水族景。|vessel,person|heroic|symbolic|duet|personCount=2;personAction=refuse
23|卒之東郭墦間|齊人乞食祭餘卻誇耀富貴；墓地乞者低身，妻在遠處看見。|grave,person,vessel|melancholy|literal|duet|personCount=2;personAction=beg
24|吾不忍其觳觫|見牛恐懼而生不忍，推恩才能保民；取堂下牽牛與止殺手勢。|ox,person|serene|recollection|duet|personCount=2;personAction=stop
25|孺子將入於井|將入而未墜，惻隱由危急生起；成人伸手護住井旁幼童。|well,person|serene|imagined|duet|personCount=2;personAction=protect
26|受責俾如流|秦穆公悔過求賢，納諫比責人更難；君臣相對傾聽，不畫享樂宮宴。|person,scroll|serene|literal|court|personCount=3;personAction=listen
27|楫齊揚以容與|離郢流亡仍回望故都；舟向遠方行，人物回首，涕如霰並非下雪。|river,boat,person|patriotic|literal|river|personAction=look_back
28|山峻高而蔽日|幽深山林襯屈原不改其志；陰雨群山遮日，明月佩飾不是天體。|mountain,tree,rain,person|melancholy|literal|mountain|weather=rain
29|表獨立兮山之上|山鬼守候所思而不遇；芳草披身者立於峰上，雲在腳下。|mountain,person,cloud,flower|longing|imagined|mountain|personAction=wait
30|操吳戈兮被犀甲|悼念戰死者的勇烈；以甲士、戈與車陣表現抗戰，不畫凱旋宴。|person,spear,cart,banner|patriotic|literal|war|personCount=4
31|既替余以蕙纕兮|蕙纕與攬茝寄托芳潔操守；以香草佩帶為中心，不把鷙鳥典喻當實景。|flower,person|heroic|symbolic|portrait|
32|鍥而不舍|持續雕刻金石可成，寄托積學專一；刀尖貼石，與中斷的刻痕對照。|stone,chisel|serene|symbolic|object|
33|知彼知己|勝在知己知彼與審時度勢；用軍策與對坐將士表現商議，非無據殺伐。|scroll,person|heroic|symbolic|study|personCount=2
34|策駟馬|御者得意與晏子謙退相反；畫車上兩人姿態差異，駟為四馬。|cart,horse,person|serene|literal|journey|horseCount=4;personCount=2
36|捧心而顰|只仿外貌而不知原因；捧心者與閉門人家形成反應關係。|person,house|melancholy|literal|village|personAction=hold_chest
39|道路以目|禁言使百姓只敢交換眼神；相隔的行人閉口，防川只是政論比喻。|path,person|patriotic|literal|journey|personCount=3
41|我有嘉賓|鹿鳴起興引出禮賓；以鼓瑟賓主對坐為主，不將鹿放進宴席。|qin,cup,person|joyful|literal|gathering|personCount=4;personAction=qin
42|南山烈烈|無親可依而報恩無及；高峻山形與疾風草木承載哀思，非家人團聚。|mountain,flower|melancholy|symbolic|mountain|weather=wind
43|彼黍離離|繁茂黍稷反襯故國之悲；田間一人緩行，不能畫成歡慶豐收。|field,person|patriotic|literal|village|personAction=walk
46|與子同袍|同袍偕行表現共同禦敵；並肩甲士修整長矛，無衣不是裸體。|person,spear|heroic|literal|war|personCount=3
48|淇水湯湯|婚姻破裂後渡淇歸返；車簾近水與獨歸女子，桑落另屬比興。|river,cart,person|melancholy|literal|journey|
49|無食我黍|大鼠比喻剝削者；鼠與被侵食穀物作寓意小品，樂土是願望。|rat,grain|patriotic|symbolic|object|
50|十年之計|樹穀樹木樹人指不同時間的培育；以田木和師生並列寓長遠之計。|field,tree,person|serene|symbolic|village|personCount=2
51|染於蒼則蒼|絲受染而變色喻環境影響；絲束分入染缸，非天然彩色河流。|silk,vessel|serene|symbolic|object|
52|愛人若愛其身|兼愛由推己及人止亂；人物相互扶持作理念圖，不杜撰具名事件。|person|serene|symbolic|duet|personCount=3;personAction=help
53|鼓瑟希|侍坐各言其志；曾皙放下瑟回應，暮春沂水是願景而非現場。|qin,person|serene|literal|gathering|personCount=5;personAction=listen
54|克己復禮為仁|仁須由自己實踐；以問答師生的敬肅姿態承載克己，不畫殺身場景。|person|serene|literal|duet|personCount=2;personAction=listen
55|內省不疚|君子先行後言、內省無愧；取司馬牛問答，畫相對端坐者。|person|serene|literal|duet|personCount=2;personAction=listen
56|父母唯其疾之憂|孝重敬愛而非僅供養；以問孝對談呈現，不把犬馬譬喻畫成家畜。|person|serene|literal|duet|personCount=2;personAction=listen
57|夫市之無虎明矣|重複謠言令人誤信；君臣問答保留空白街市，虎不能實體化。|person|patriotic|literal|court|personCount=2
58|窺鏡而自視|鏡前自察看破偏愛奉承；人與鏡相向，後段朝廷納諫分開理解。|mirror,person|serene|literal|portrait|personAction=mirror
59|寡人謹奉社稷以從|合縱游說取信楚王；對坐進言與盟約書卷，虎狼是秦國的比喻。|person,scroll|heroic|literal|court|personCount=2
60|蚌合而拑其喙|鳥喙被蚌夾住而互不相讓；兩者相連，漁者在旁，無雨不畫雨。|bird,clam,person|serene|literal|duet|birdCount=1;birdAction=clam
61|老有所終|大同是照護老幼的政治理想；老者幼者與扶助者成群，標示理想圖。|person,house|serene|imagined|village|personCount=5;personAction=help
62|壹是皆以脩身為本|修身是齊家治國的根本；主旨書卷與向內端坐者表現次第修養。|scroll,person|serene|symbolic|study|personAction=study
63|君子慎其獨也|慎獨與中和是內在修養；獨坐人物重心平正，天地位育不畫神話。|person|zen|symbolic|portrait|personAction=sit
64|有婦人哭於墓者而哀|婦人寧承虎患不受苛政；墓旁哀哭與訪問者，虎不在對話現場。|grave,person|patriotic|literal|duet|personCount=3;personAction=mourn
65|鑽燧取火|制度須隨時代改變；只取燧人鑽木生火的例證，不混列歷代戰事。|fire,wood,person|serene|symbolic|village|personAction=work
66|因釋其耒而守株|等候再得兔而荒廢耕作；人守樹樁、農具擱置，無第二隻兔。|stump,hoe,person,field|serene|literal|village|personAction=wait
67|今子欺之|父母須守信以教子；曾子與妻兒相對、豬在側，聚焦承諾而非血腥。|pig,person|serene|literal|village|personCount=3
68|買其櫝而還其珠|重外表而失本質；華匣與被退還的珠分置兩側，不畫玫瑰花園。|box,jade,person|serene|literal|object|personCount=2
69|其家甚智其子|同言因親疏遭不同判斷；取雨後壞牆與父子鄰人，龍逆鱗屬譬喻。|wall,person|melancholy|literal|duet|personCount=3
70|寧信度|僵信量尺而不信自己的脚；履與尺並置，人返市而市已罷。|shoe,ruler,person|serene|literal|object|
71|恐去母死|幼童因怕離母而泣仍先護人；蛇已埋，畫母子慰問與封土。|person,earth|serene|literal|duet|personCount=2;personAction=comfort
72|何不秉燭遊|人生短促而憂慮無窮；秉燭夜遊寄及時珍惜，不畫求仙成功。|person,lamp|transcendent|imagined|journey|time=night
73|衣帶日已緩|長別使人消瘦；瘦影與寬衣帶表相思，胡馬越鳥是思歸比興。|person,clothing|longing|literal|portrait|
74|上有絃歌聲|高樓琴聲引出知音難遇；樓上琴、樓下聽者分層，雙鴻是願望。|pavilion,qin,person|longing|literal|interior|personCount=2
76|盈盈樓上女|河柳明麗反襯獨守；女子倚窗，樓外柳草，丈夫不在場。|pavilion,willow,flower,person|longing|literal|interior|
77|攀條折其榮|折花欲寄而路遠難致；伸手折枝與盈袖芳花，收花人留空。|tree,flower,person|longing|literal|garden|personAction=pick_flower
78|涉江采芙蓉|採蓉念遠、同心離居；水邊採花者回望，不把所思人畫在身旁。|river,lotus,person|longing|literal|river|personAction=pick_flower
79|援雅琴以變調|失寵者以琴排愁而愈悲；獨坐琴旁，夢中君王不入現實閨房。|qin,house,person|melancholy|literal|interior|personAction=qin
80|此鳥不飛則已|大鳥喻齊威王由沉湎轉振作；飛鳥作寓意主體，非宮廷真有巨禽。|bird|heroic|symbolic|object|birdCount=1
81|故憂愁幽思而作|忠而遭謗化為離騷；孤身執卷與香草寓志，日月爭光非天體實景。|person,scroll,flower|patriotic|symbolic|study|
82|圖窮而匕首見|展圖露刃是緊張轉折；地圖、匕首與驚退秦王，不混入易水餞別。|scroll,sword,person|heroic|literal|court|personCount=2;personAction=reach
83|持璧|以持璧交涉突出智勇與守信；相如與秦王相對，勿補節錄未載的負荊。|jade,person|heroic|literal|court|personCount=2
84|舉所佩玉玦|宴席暗藏殺機；范增舉玦示意、主賓分座，劍舞另景不疊。|jade,cup,person|heroic|literal|gathering|personCount=4
85|絕世而獨立|傾城傾國誇美而非攻城；佳人獨立回眸，背景留空。|person|serene|symbolic|portrait|
86|獨坐愁苦|異國孤居寫難言之痛；帳中独坐與書信，往昔戰場不混現時。|tent,person,scroll|melancholy|literal|interior|personAction=sit
87|春日獨當壚|胡姬酒肆當壚，華飾映襯自身尊嚴；青銅鏡是贈物非月輪。|person,vessel,cup|serene|literal|interior|season=spring
88|裁為合歡扇|團扇比失寵命運；圓扇近景，霜雪明月皆形容白圓而非天候。|fan,box|melancholy|symbolic|object|
89|路遠莫致倚逍遙|四方阻隔寄求賢戀慕；取東望泰山一景，不把四地雪水拼圖。|mountain,person,jade|longing|symbolic|mountain|
90|驥老伏櫪|老馬仍懷千里志；伏櫪老驥昂首，龜蛇只是生命有限的對舉。|horse,trough|heroic|symbolic|object|
91|月明星稀|烏鵲無枝可依映求賢之心；夜樹飛鳥與疏星，不畫鹿進酒席。|moon,star,tree,bird|heroic|symbolic|garden|time=night;birdCount=3
92|十日並出|神話以十日害稼引出射日救民；保留十日與拉弓者，標明神話想像。|sun,bow,person,field|heroic|imagined|war|sunCount=10;withered=true;personAction=archer
93|其馬將胡駿馬而歸|失馬轉為得馬仍未可定禍福；兩馬返家與老人，折髀和戰事另時。|horse,house,person|serene|literal|village|horseCount=2
94|騅不逝|末路英雄困頓而惜別；停馬與兩人相對，拔山氣概不畫成搬山。|horse,person|melancholy|literal|duet|personCount=2
95|引河水灌民田|破除河伯騙術後興修水利；民眾開渠灌田，河伯不能畫成真神。|river,field,person,hoe|joyful|literal|village|personCount=4;personAction=work
96|俛起阡陌之中|秦強盛與起義者微弱相反襯；田間布衣舉竿，不將吞八荒畫成巨人。|field,person,banner|patriotic|literal|war|personCount=4
98|下山逢故夫|棄婦與故夫重遇而問新人；採草者與故夫相對，织作屬對話回顧。|mountain,flower,person|melancholy|literal|duet|personCount=2
99|我欲與君相知|不可能條件加強愛的誓言；兩人相向作誓約寓意，不畫夏雪天地毀滅。|person|longing|symbolic|duet|personCount=2
100|躞蹀御溝上|水分流寄託決絕與一心之願；獨行女子面對岔流水，皚雪皎月為比喻。|river,person|longing|literal|river|personAction=walk
101|拉雜摧燒之|毀簪表示愛恨決斷；折簪與灰燼近景，大海是遠人的方位。|hairpin,fire|melancholy|literal|object|
103|舍中兒母牽衣啼|貧困逼人鋌險，妻兒牽衣相勸；空米甕與三人拉扯，不畫行俠得勝。|house,vessel,sword,person|melancholy|literal|interior|personCount=3;personAction=hold_back
104|青青園中葵|春葵朝露起興勉人惜時；朝光照嫩葉，秋衰與百川屬後續勸喻。|sprout,sun|joyful|symbolic|garden|time=dawn;season=spring
105|採桑城南隅|羅敷採桑有自主尊嚴；人物提籃伸手桑葉，明月珠不是月亮。|tree,basket,person|joyful|literal|garden|personAction=pick_flower
106|長跪讀素書|尺素傳牽念；跪坐讀信，不把雙鯉書函畫成正在煮的活魚。|scroll,person|longing|literal|study|personAction=study
107|駑馬徘徊鳴|戰後馬鳴與荒蕪揭戰爭之苦；空野失主馬，無凱旋與歡宴。|horse,reeds,river|patriotic|literal|river|
108|安得猛士兮守四方|歸鄉威勢中仍憂守國；風雲與回望者，海內不是海上旅行。|cloud,person,banner|patriotic|literal|war|weather=wind
109|汎樓船兮濟汾河|樓船秋遊由樂轉哀；舟橫中流、鼓歌相伴，焦點在盛景中的衰老感。|boat,river,drum,person|melancholy|literal|river|season=autumn;personCount=3
110|其母引刀裂其織|斷織警戒中斷學習；母子與裂帛織機相連，刀作用於織物。|loom,silk,sword,person|serene|literal|interior|personCount=2
111|路有飢婦人|戰亂使骨肉難兩全；飢婦與幼兒、行者留距離，豺虎指亂兵。|person,path|patriotic|literal|journey|personCount=3;personAction=mourn
112|雖信美而非吾土|登樓見沃野仍思故土；高欄獨望與遠田相對，不能以美景消解鄉愁。|pavilion,field,river,person|longing|literal|mountain|
114|鬱鬱澗底松|高地小苗遮蔽澗底大松，諷門第壓才；松大而低、苗小而高。|pine,sprout,mountain|patriotic|symbolic|hierarchy|
115|穿壁引其光|匡衡借鄰燭讀書；光穿小孔落書上，自家不能多出一盞燈。|wall,book,person|serene|literal|study|time=night;personAction=study;borrowedLight=true
116|起坐彈鳴琴|失眠彈琴不能消憂；月透薄帷照獨坐者，林鳥只作遠處微影。|person,qin,moon,house|melancholy|literal|interior|time=night;personAction=qin
117|臣侍湯藥|祖孫相依而難遠仕；病榻旁奉藥，日薄西山與烏鳥皆比喻。|person,bed,vessel|longing|literal|interior|personCount=2;personAction=care
118|臨源挹清波|山林清遊寄避俗高蹈；臨溪掬水者，不畫攀雲梯升仙。|river,person,flower|transcendent|symbolic|river|personAction=reach
119|舉築諧汝聲|築城徭役摧殘家庭；城下勞作者肩重夯具，家中妻子不拼入同景。|wall,person,wood|patriotic|literal|war|personCount=4;personAction=work;woodForm=rammer
121|奇文共欣賞|移居為交素心友；鄰人圍卷共讀，兩首的農作宴飲不混時。|book,person,house|serene|literal|study|personCount=3;personAction=study
122|飲餞易水上|易水悲歌送必死之行；岸邊群英与樂器，秦庭追逐另場。|river,person,qin,cup|heroic|recollection|gathering|personCount=4
124|撫孤松而盤桓|歸田安於本性；夕色中撫松盤桓，舟車春耕是後段另景。|pine,person,sunset|transcendent|literal|garden|time=dusk
127|斗酒聚比鄰|人生無常更當珍惜鄰里與當下；眾人共酒，塵土是人生比喻。|cup,person|serene|literal|gathering|personCount=4
128|時還讀我書|耕作後讀山海經自得；樹蔭小屋與書卷，書中神獸不當現場。|house,tree,book,person|serene|literal|study|season=summer;personAction=study
129|寄身於翰墨|文章可傳志於後世；書卷疊置與書寫者，驥騄競馳是文才比喻。|scroll,brush,person|serene|symbolic|study|personAction=write
130|明月皎皎照我牀|空房明月照離人；床邊琴與獨坐者，牽牛織女屬天上寄情。|moon,bed,qin,person|longing|literal|interior|time=night
131|萁在釜下燃|豆萁煮豆諷骨肉相殘；釜下豆莖火、釜中豆，不畫豆真的落淚。|vessel,grain,fire|melancholy|symbolic|object|
132|控弦破左的|白馬少年精於射藝而赴國難；騎者引弓，飛猱馬蹄是靶名不添動物。|horse,person,bow,target|heroic|literal|war|personAction=archer
133|定仁義之衷|文才與濟世抱負並重；書寫者與史卷表著述志，不畫虎犬珠蛇比喻。|scroll,brush,person|heroic|symbolic|study|personAction=write
134|鬱紆將何念|兄弟受阻分離與喪弟悲哀；分岔道路與遙望人，鴟梟不是遊賞主題。|path,person|melancholy|literal|journey|personCount=2;distantPerson=true
135|臨表涕零|受託出師而思報先帝；進表者與書卷寄忠懇，勿杜撰勝利。|person,scroll|patriotic|literal|court|personAction=present
136|入舟陽已微|入舟時已近暮，澄懷於山水；舟旁芰荷與暝色，早日不與晚霞並列。|boat,pond,lotus,cloud|serene|literal|river|time=dusk
137|游魚細石|富春江澄澈直見魚石；透明水與岸山，猛浪若奔不画奔馬。|river,fish,stone,mountain|transcendent|literal|river|fishCount=4
138|理絲入殘機|絲匹雙關情緣不成；殘機與未織成的絲，第二首月夜另時。|loom,silk,person|longing|symbolic|interior|
139|木蘭當戶織|機聲停止只聞歎息，代父從軍由此起；木蘭停織凝思，無戰馬闖閨。|loom,person,house|patriotic|literal|interior|personAction=sit
140|風吹草低見牛羊|風壓草原才見牛羊；開闊草野與低伏牲畜，穹廬喻天不是大帳篷。|field,ox,sheep,mountain|serene|literal|river|
141|夕日欲頹|夕陽下魚爭躍，動靜見山川美；只取暮景，曉霧另時。|mountain,river,fish,sunset|joyful|literal|river|time=dusk;fishCount=3
142|竄身荒谷|家國覆亡後流離困厄；荒谷孤行，山岳崩頹多指政局而非災難實錄。|mountain,path,person|patriotic|literal|journey|personAction=walk
143|惟有河邊雁|人不得歸而雁能南返；空長路與南飛雁，人歸處留白。|river,bird,path|longing|literal|river|season=autumn;birdCount=3
144|繩坐其內|景林寺居鬧市而幽靜；禪室僧人與窗樹，白馬寺神話分屬第二則。|house,tree,person|zen|literal|interior|personAction=sit
145|有自改意|周處聞鄉人慶賀才知自身為害；返岸者回望人群，虎蛟已除不再活躍。|river,person|serene|literal|duet|personCount=4
146|不忍委之|危急中不棄病友，以義止兵；病榻與守護者、來兵分在两側。|bed,person,spear|heroic|literal|interior|personCount=3;personAction=protect
147|軍皆渴|曹操借梅的想像鼓舞渴軍；疲憊行列前行，現場沒有梅林也沒有水。|path,person,banner|heroic|literal|journey|personCount=5;personAction=walk
148|皆相視流淚|新亭風景未改而山河異主；席間悲泣與昂然勸勉者形成姿態對照。|pavilion,cup,person|patriotic|literal|gathering|personCount=4
149|寧割席分坐|價值差異導致割席絕交；兩個席位裂開、書在原處，不混入園中金塊。|mat,book,person|serene|literal|study|personCount=2
150|俄而雪驟|雪日家集比擬雪景；屋內談論、窗外真雪，鹽與柳絮都只是比喻。|house,snow,person|joyful|literal|interior|personCount=3;season=winter;weather=snow
151|文附質也|文采須依情質；花萼依木成形為原文譬喻，非虎豹魚鳥的大拼盤。|tree,flower|serene|symbolic|garden|
152|都為三十卷|選文標準在沈思翰藻；卷冊成列寄編選，車輪冰水為論證不混畫。|book,scroll|serene|symbolic|object|
153|拔劍擊柱|懷才不遇而憤懣；劍指柱、案上食物未動，歸家天倫屬後景。|sword,pillar,vessel,person|melancholy|literal|interior|personAction=strike
154|澄江靜如練|清江晚霞明麗卻含望鄉淚；江面留白如練，淚如霰不畫雪粒。|river,cloud,house|longing|literal|river|time=dusk
155|雲行芳樹低|春山登臨高遠，腳下芳樹低於雲行；登者上行而視野開闊。|mountain,tree,cloud,path,person|joyful|literal|mountain|season=spring;personAction=walk
156|單者易折|一箭折而十九箭難摧喻團結；斷單箭與成束十九箭對照。|arrow,person|heroic|symbolic|object|arrowCount=19
157|安可輕農事|士人須懂實務與稼穡艱難；以耕收勞作代替閒坐琴書。|field,grain,person,hoe|serene|symbolic|village|personCount=3;personAction=farm
158|素湍綠潭|三峽春冬澄潭映山、懸泉飛漱；不混夏洪與秋猿，也不補無據日月。|mountain,pond,waterfall,pine|zen|literal|mountain|
159|針線猶存未忍開|遺物仍在而亡妻不返；封存針線與舊衣寄悼念，不畫夫妻團聚。|needle,clothing,box|melancholy|literal|object|
160|一片孤城萬仞山|孤城被峻山包圍顯邊塞寂寥；楊柳為笛曲，不據曲名添柳樹。|mountain,wall,river,cloud|desolate|literal|mountain|
161|更上一層樓|登樓擴展視野；人物沿樓階上行，遠山夕照與黃河分層。|pavilion,person,river,mountain,sunset|heroic|literal|mountain|personAction=ascend;time=dusk
162|小松初數尺|愛松心切反覺長得慢；小松未成直枝、旁立觀察者，不能畫巨松。|pine,person|serene|literal|garden|smallTree=true
163|先遣小姑嚐|新婦細心試探口味；羹湯前兩位女子，一人遞碗一人品嚐。|person,vessel|serene|literal|duet|personCount=2;personAction=serve
164|萬里長征人未還|明月關山見征人久戍；孤關與月，飛將與胡馬是願望條件。|moon,wall,mountain|patriotic|literal|mountain|time=night
165|平明送客楚山孤|清晨送客以孤山寄離情；二人相別，冰心玉壺是操守比喻。|mountain,river,person|longing|literal|duet|time=dawn;personCount=2
166|暫將團扇共徘徊|失寵宮人平明持扇徘徊；殿前孤影與團扇，玉顏不是玉雕。|person,fan,house|melancholy|literal|interior|time=dawn
167|黃沙百戰穿金甲|久戰甲磨而決心不改；沙地甲士與暗雪山，突出疲憊與堅持。|desert,person,mountain,snow,cloud|patriotic|literal|war|weather=clear
168|忽見陌頭楊柳色|見新柳而由不愁轉悔別；少婦倚樓看柳，丈夫不在畫內。|pavilion,willow,person|longing|literal|interior|season=spring
169|無為在岐路|離別仍信知己天涯相近；岔路二人相送，海內不是海景。|path,person|transcendent|literal|duet|personCount=2
170|落霞與孤鶩齊飛|水天開闊承盛會與身世感；落霞、一隻鶩與秋水相接，典故不疊場。|river,cloud,bird|heroic|literal|river|birdCount=1;season=autumn;time=dusk
171|遙知兄弟登高處|遙想重陽兄弟插茱萸而少己；山上同行者留一空位，標示想像。|mountain,person,flower|longing|imagined|mountain|personCount=3;season=autumn
172|日暮掩柴扉|送罷友人後才掩門；柴門前只留主人，明年綠草是期待。|house,person|longing|literal|interior|time=dusk
174|偏坐金鞍調白羽|少年騎射英勇；鞍上側身張弓，白羽為箭羽不是白鳥。|person,horse,bow,arrow|heroic|literal|war|personAction=archer
177|下馬飲君酒|失意歸隱，友人以酒相送；二人下馬對飲，南山歸臥尚未到達。|horse,cup,person|longing|literal|duet|personCount=2
180|倚杖候荊扉|日暮老者候牧童、牛羊歸村；溫暖田家反襯作者思歸。|house,ox,sheep,person,sunset|serene|literal|village|time=dusk;personCount=2
182|倚杖柴門外|山居暮景中待友相逢；門前人、秋水與落日，寒山不是雪山。|house,person,river,mountain,sunset,smoke|serene|literal|village|time=dusk;season=autumn
183|欲飲琵琶馬上催|軍旅飲酒含生死悲感；杯前甲士與馬上琵琶，夜光杯不是月。|cup,pipa,horse,person|heroic|literal|war|personCount=2
184|味外之旨|詩味須超出字面；食盞與書卷作辨味譬喻，不拼出引詩中的各種景物。|vessel,book|serene|symbolic|object|
185|不繫船|釣者歸眠而舟任風泊，寄閒適；舟無繫索、無人在舟，月已落。|boat,river,reeds|serene|literal|river|time=night;emptyBoat=true
186|回眸一笑百媚生|內建節錄止於寵愛盛時；宮中回眸佳人，不補未收錄的馬嵬與仙山。|person,pavilion|joyful|literal|portrait|
187|月明人倚樓|江流牽念到月下倚樓，盼歸方休；水作遠景，思者獨在樓上。|moon,river,pavilion,person|longing|literal|interior|time=night
188|瓤肉瑩白如雪|荔枝形態與離枝易變為主；紅殼剖白瓤近景，雪葡萄桂葉是比形。|lychee|joyful|literal|object|season=summer
190|一夜鄉心五處同|兄弟散居而同望月；一地人物對月，五處不能縮成團聚一桌。|person,moon|longing|literal|portrait|time=night
192|經年守故林|慈烏守故林悼母，喻孝思未盡；一烏棲枝，不畫母子同巢歡樂。|bird,tree|melancholy|literal|garden|birdCount=1;time=night
193|玄孫扶向店前行|折臂翁以傷避征揭黷武害民；老少扶持前行，白鬚如雪不添雪景。|person,house|patriotic|literal|duet|personCount=2;personAction=help
196|春風吹又生|春草再生與送別相連；青草延向古道，野火是前一階段。|grass,path,person|longing|literal|journey|season=spring;personCount=2
197|日出江花紅勝火|回憶江南春晨濃麗水色；江花與朝陽，紅勝火不加火災。|river,flower,sun|joyful|recollection|river|time=dawn;season=spring
198|一巢生四兒|雙燕辛勞養四雛，勸人念親恩；巢內四雛、兩親往返有別。|bird,nest|longing|literal|object|birdCount=2;chickCount=4
199|畫眉深淺入時無|新婦問妝比應試求知音；鏡前夫妻低聲相問，標示寄託。|person,mirror|serene|symbolic|duet|personCount=2;time=dawn
201|馬上相逢無紙筆|路遇使者只能託口信；兩騎相對，不能畫提筆寫信。|horse,person,path|longing|literal|journey|horseCount=2;personCount=2
202|番軍只見馬空鞍|夜戰後濕旗與空鞍見勝敗；畫無騎者的馬，雨已停而旗仍濕。|horse,banner,grass|heroic|literal|war|time=dawn
206|停杯投箸不能食|困頓中茫然拔劍，終仍信破浪有時；宴前停箸，不把夢舟當現實。|cup,vessel,sword,person|melancholy|literal|interior|
207|對此可以酣高樓|高樓餞別豪興難掩煩憂；二人臨秋雁飲酒，攬月斷水皆誇喻。|pavilion,cup,bird,person|melancholy|literal|gathering|personCount=2;season=autumn
208|會桃花之芳園|春夜兄弟宴集珍惜浮生；桃花園月下羽觴與群季，康樂不是來賓。|peach,moon,cup,person|joyful|literal|gathering|time=night;season=spring;personCount=4
209|不知明鏡裏|愁長催白髮，三千丈是誇飾；鏡前白髮人，不畫秋霜鋪地。|mirror,person|melancholy|symbolic|portrait|
210|揮手自茲去|揮手別友、班馬離群；城外兩人與兩馬，孤蓬是遊子比喻。|person,horse,river,mountain,sunset|longing|literal|duet|personCount=2;horseCount=2;time=dusk
211|與爾同銷萬古愁|豪飲昂揚中藏不遇之愁；友人對飲，白髮暮雪與天河不拼實景。|cup,person,vessel|heroic|literal|gathering|personCount=3
213|有人樓上愁|暮色寒山映樓上離愁；樓中人遠望平林，寒不是落雪證據。|pavilion,person,tree,mountain,cloud|longing|literal|interior|time=dusk
214|鳳去臺空江自流|鳳去臺空寄盛衰；空臺與江流，鳳凰不能回到現場，白鷺洲是地名。|pavilion,river,mountain,grass|patriotic|literal|river|
216|青泥何盤盤|蜀道曲折高危；石棧盤山与小行者，六龍只是高山誇喻。|mountain,path,person|heroic|literal|mountain|personAction=ascend
217|西風殘照|古道音塵斷、陵闕殘照寄懷古；無來車人馬，前段夢月分景。|path,grave,wall,sunset|desolate|literal|journey|time=dusk;season=autumn
220|忽聞岸上踏歌聲|舟欲行而岸上友人踏歌；一人舟中、一人岸上，桃花潭名不加桃花。|boat,pond,person|longing|literal|farewell|personCount=2
221|沙似雪|月照沙地如霜雪，征人闻笛思鄉；實沙月關城，笛手位置未知。|desert,moon,wall,person|longing|literal|war|time=night;personCount=3
222|浩浩乎平沙無垠|荒涼古戰場引反戰哀思；空沙枯草与河山，不將傳聞鬼哭實體化。|desert,river,mountain,grass|patriotic|literal|river|withered=true
223|遇有所得|李賀苦吟隨得隨記；瘦詩人騎驢、童背錦囊，玉樓赴召屬傳聞。|donkey,person,bag,scroll|serene|literal|journey|personCount=2
225|此日六軍同駐馬|軍馬停駐標示帝王失控；停軍凝重，七夕笑牛是從前回憶。|horse,person,banner|patriotic|recollection|war|personCount=3
226|雲母屏風燭影深|燭影深處的孤寂投射嫦娥；屏風殘燭與將沉曉星，碧海非地面海。|screen,lamp,star|solitude|literal|interior|time=night
227|春蠶到死絲方盡|蠶絲蠟淚喻至死不盡的思念；蠶與燭作雙物寓意，不混仙山青鳥。|silkworm,silk,lamp|longing|symbolic|object|
228|夕陽無限好|向晚登原由不適見夕照美；小車面夕陽，保留對黃昏的複雜感受。|sunset,cart,person|melancholy|literal|journey|time=dusk
230|汗滴禾下土|午日鋤禾見粒米艱辛；彎身農人汗落田間，非閒適田園小遊。|field,hoe,person,sun|serene|literal|village|personAction=farm;time=day
231|黃昏飲馬傍交河|邊地征人勞苦；暮色飲馬河畔，琵琶公主是歷史聯想。|river,horse,person|patriotic|literal|river|time=dusk
232|李靖以布衣上謁|布衣進言使權臣改容；站立李靖與起身楊素，不混後來海國戰事。|person,bed|heroic|literal|court|personCount=2
233|閨中只獨看|杜甫遙想妻在鄜州獨望月；妻一人，雙照團圓尚是願望。|moon,person,house|longing|imagined|interior|time=night
234|風飄萬點正愁人|落花減春引身世之愁；花瓣散落酒盞旁，麒麟是墓雕非活獸。|flower,cup,person|melancholy|literal|garden|fallenFlowers=true;season=spring
235|落花時節又逢君|暮春重遇舊人寄盛衰；兩位老者相對、落花滿地，昔日王府另時。|person,flower|melancholy|literal|duet|personCount=2;fallenFlowers=true
236|牽衣頓足攔道哭|家人攔阻被徵者揭頻繁征役；人物拉衣與車馬行列，橋被塵遮不凸顯。|person,cart,horse,path|patriotic|literal|journey|personCount=5;personAction=hold_back
238|蓬門今始為君開|貧家以真情待客；門開、主客把酒面場圃，重點是相聚。|house,person,cup,field|serene|literal|gathering|personCount=3;season=spring
242|憑軒涕泗流|老病登樓由孤身憂及國事；高欄老人俯望洞庭與孤舟，戎馬在遠方。|pavilion,person,pond,boat|patriotic|literal|mountain|onBoat=false
244|花近高樓傷客心|春花反襯萬方多難；樓邊花與憑欄者，北極是朝廷意象非星空主景。|pavilion,flower,person,river|patriotic|literal|interior|season=spring
246|揮毫落紙如雲煙|八人各有酒態；只取張旭醉後草書，不把八仙畫成神仙聚會。|person,brush,scroll,cup|heroic|literal|study|personAction=write
247|映階碧草自春色|祠堂草色鳥聲更顯諸葛不在；柏蔭空祠，不畫三顧草廬再現。|house,pine,grass,bird|patriotic|literal|garden|season=spring
248|漫卷詩書喜欲狂|聞捷喜極而欲返鄉；家人與散卷相慶，巴峽到洛陽是計畫。|book,person|joyful|literal|gathering|personCount=3
249|與客攜壺上翠微|重陽登高以笑飲排遣人生感慨；友人登山插菊，牛山典故不另畫牛。|mountain,person,cup,chrysanthemum|transcendent|literal|mountain|personCount=2;season=autumn
250|停車坐愛楓林晚|停車因愛晚楓，坐作因解；紅楓山徑旁車停，不畫雪山春花。|tree,mountain,path,cart,house|joyful|literal|mountain|season=autumn;time=dusk;redLeaves=true
251|樓臺煙雨中|江南春景寄歷史滄桑；煙雨樓寺與水村，不按四百八十逐座排樓。|house,pavilion,river,rain|melancholy|literal|river|season=spring;weather=rain
252|折戟沉沙鐵未銷|磨洗殘戟引歷史偶然之思；折戟近景，二喬被鎖是反事實假設。|spear,desert,person|patriotic|literal|object|brokenWeapon=true;personAction=inspect
253|楚人一炬|繁華終成焦土，警戒不愛民；取燒毀宮垣，廊腰龍虹只是建築比喻。|wall,pavilion,fire|patriotic|literal|war|ruined=true
254|夜泊秦淮近酒家|亡國之音仍在商業夜景迴響；舟與隔江酒家，後庭花是曲名。|river,boat,moon,house|patriotic|literal|river|time=night
255|輕羅小扇撲流螢|秋夜宮女孤寂撲螢；扇前小螢、階上坐影，涼如水不添池。|person,fan,firefly,screen,lamp|solitude|literal|interior|time=night;season=autumn
256|二十四橋明月夜|遙寄揚州明月橋簫；標示想像，玉人為吹簫者而非玉像。|bridge,moon,flute,person|longing|imagined|river|time=night
257|牧童遙指杏花村|清明行者問路，牧童手指遠村；細雨里人物有問答與指向。|person,path,rain,house|longing|literal|journey|personCount=2;personAction=point;season=spring;weather=rain
258|蠟燭有心還惜別|樽前笑不成，燭淚代惜別；兩人相對燭將盡，第一首豆蔻別景。|lamp,cup,person|longing|literal|duet|personCount=2;time=night
259|花開堪折直須折|花期喻青春難再；花枝與伸手者表惜時，金衣並非畫面中心。|flower,person|joyful|symbolic|garden|personAction=pick_flower
260|臨行密密縫|細密針腳藏母親憂念；母縫衣、遊子在旁，寸草春暉是報恩比喻。|person,needle,clothing|longing|literal|interior|personCount=2;personAction=sew
263|把酒話桑麻|田家友誼朴實可親；主客把酒面菜圃，菊花是重陽再訪約定。|house,tree,field,cup,person|serene|literal|gathering|personCount=2
264|欲濟無舟楫|洞庭浩瀚寄盼援引之意；水勢廣大，無舟楫不得添船。|pond,waves,cloud|heroic|symbolic|river|
265|聞荒雞鳴|中夜聞雞起舞寄復國志；兩人起身練劍，雞聲來源不必可見。|person,sword|patriotic|literal|duet|personCount=2;time=night;personAction=practice
266|蔽林間窺之|虎先畏驢再知其技窮；取林間窺視，虎低伏驢昂立，船已完成運送。|tiger,donkey,tree|serene|literal|duet|
269|心凝形釋|西山眺望使身心融入萬化；高處小人與遠山，暮至無見採淡墨隱形。|mountain,person,cup|transcendent|literal|mountain|time=dusk
270|吾腰千錢|捨不得腰錢終至溺亡；水中一人負錢、岸上同伴呼援，破舟不載人。|river,person,coin|melancholy|literal|rescue|personCount=3;personAction=swim
271|黑質而白章|毒蛇外形黑底白紋，賦稅比蛇更毒；蔣氏與捕蛇器，虎是苛政比喻。|snake,basket,person|patriotic|literal|object|
272|流沫成輪|急流入潭轉清平，暫得安頓；岩旁旋流與深潭，官租困苦不抹成純樂。|pond,river,stone,tree|serene|literal|river|
273|煙銷日出不見人|日出煙消、櫓聲襯山水靜；人不可見，船在遠水只留小影。|mountain,river,sun,boat,cloud|zen|literal|river|time=dawn;distantBoat=true;emptyBoat=true
276|獨愴然而涕下|時間無盡而知己難逢；一人面向大留白，古人來者不畫成鬼影。|person|solitude|symbolic|vast_figure|
277|戰士軍前半死生|將士苦戰與帳下歌舞對比；以疲兵在前、帳中宴者在後的隔區構圖。|tent,person,spear,cup|patriotic|literal|war|personCount=5
278|日暮鄉關何處是|黃鶴已去、暮江起鄉愁；空樓與煙波，鶴及鸚鵡不因地名入畫。|pavilion,river,cloud,tree|longing|literal|river|time=dusk
279|滅燭憐光滿|熄燭惜月光而懷遠；對月人、熄燭台與海，夢佳期另景。|moon,sea,person,lamp|longing|literal|river|time=night;unlitLamp=true
281|海上明月共潮生|江海月升啟宇宙與離情；選開篇春江一景，後段落月夢花分開。|river,sea,moon,flower|longing|literal|river|time=night;season=spring
282|還君明珠雙淚垂|還珠表忠貞又含婉拒招攬；二珠置於退還的手邊，日月只譬用心。|jade,person|longing|symbolic|duet|personCount=2;jadeCount=2
284|官倉老鼠大如斗|肥鼠與飢民反諷不公；大鼠近穀倉、空碗在外，非可愛寵鼠。|rat,grain,vessel,house|patriotic|symbolic|object|
285|母在一子寒|閔子騫受寒仍求保全家；父揭薄衣见蘆絮，幼子相勸，雨淚非雨天。|person,clothing,reeds|longing|literal|duet|personCount=2;season=winter
286|空階滴到明|長夜冷雨加深離愁；梧桐雨滴落空階、室內殘燭，鬢雲非雲。|tree,rain,house,lamp|longing|literal|interior|time=night;season=autumn
288|古祠高樹兩茫然|蘇武祠前感忠節与歲月；古祠高樹為現景，牧羊塞月是追想。|house,tree,person|patriotic|literal|garden|
289|兒童相見不相識|老歸反被當客，喜與陌生感同在；白髮客與笑問兒童相對。|person,path|longing|literal|duet|personCount=3
290|萬條垂下綠絲縧|細柳如絲見春風巧妙；垂柳柔枝，碧玉剪刀是比喻而非器物。|willow|joyful|literal|garden|season=spring
291|獨自暗中明|微小螢光以孤明自守；暗處一螢清楚可見，非滿天星點。|firefly|solitude|literal|object|time=night
292|松下問童子|松下問訊而隱者不遇；訪客與童子，採藥者不可補在近處。|pine,person,mountain,cloud|zen|literal|duet|personCount=2
293|月色半人家|夜深半屋月色、新蟲聲報春；半明半暗窗舍與微蟲，非全院白日。|moon,house,star,insect|zen|literal|interior|time=night;season=spring
294|潮打空城寂寞回|江山依舊、故城無人；城牆與潮月相對，女牆為矮城牆非女子。|wall,river,waves,moon,mountain|patriotic|literal|river|time=night
295|道是無晴卻有晴|晴情雙關戀意；東側日光西側細雨，江邊聞歌者相望。|river,willow,sun,rain,person|longing|symbolic|river|personCount=2;splitWeather=true
297|飛入尋常百姓家|王謝衰落由燕飛平民宅表現；巷口夕陽與燕，不重建昔日權門。|house,bird,grass,sunset|patriotic|literal|village|time=dusk;birdCount=2
298|露重飛難進|蟬受風露壓迫喻獄中高潔難白；蟬伏枝頭，南冠為囚者不畫帽成主景。|cicada,tree|melancholy|symbolic|object|
300|雪擁藍關馬不前|貶謫路上雪阻馬停；人馬縮小在關山雲雪中，親人未同在家。|snow,horse,person,mountain,cloud|patriotic|literal|journey|weather=snow
301|草色遙看近卻無|初春草色遠濃近稀；細雨街旁草以稀點漸密，煙柳是比較不添加。|grass,path,rain|joyful|literal|garden|season=spring
302|以利其嗣人|墓誌紀子厚才德與交誼；墓石與文卷寄追念，勿把譬喻當生前合影。|grave,scroll|melancholy|symbolic|object|
303|草木之無聲|物受激才鳴喻不平而作；風折草木的動勢，並非熱鬧樂隊。|tree,grass|heroic|symbolic|garden|weather=wind
305|言有窮而情不可終|祭侄哀痛無盡；祭文與供奠寄失落，亡者不與作者實景相聚。|scroll,vessel,lamp|melancholy|symbolic|object|
306|處心有道|為文先修養，不逐名利；書卷筆墨與凝思作者，門牆是學問比喻。|book,brush,person|serene|symbolic|study|personAction=write
307|食不飽|千里馬受餓而才美不見；瘦馬與空槽、持鞭者，天下無馬是誤判。|horse,trough,person|melancholy|symbolic|duet|
308|必固其根本|治國如固木根浚泉源；樹根深入土與源流相接，題字落在德義。|tree,river,earth|serene|symbolic|garden|
309|為誰辛苦為誰甜|蜂勞作而成果歸誰；花間採蜜蜂聚焦勞動，非單純賞花。|bee,flower|serene|symbolic|object|
310|月如鈎|西樓獨上、梧桐深院含離愁；鉤月、院樹與孤影，剪不斷非剪刀。|moon,pavilion,tree,person|solitude|literal|interior|time=night;crescent=true;season=autumn
311|簾外雨潺潺|夢醒知身為客更傷亡國；冷雨窗內一人，夢中貪歡另層。|house,rain,person,bed|melancholy|literal|interior|time=dawn;season=spring
312|垂淚對宮娥|辭廟淪俘的悲痛；垂淚者與宮娥相對，鳳閣龍樓不畫神獸。|person,pavilion|patriotic|recollection|duet|personCount=2
313|砌下落梅如雪亂|落梅紛亂如雪，離恨無窮；階下散梅瓣而非下雪。|plum,house,person|longing|literal|garden|fallenFlowers=true;season=spring
314|手提金縷鞋|女子提鞋輕步赴約；手中鞋與階上身影，月暗微霧只作烘托。|person,shoe,house,moon|longing|literal|interior|time=night
315|月明中|月照小樓引亡國之痛；樓中孤人對月，春水喻愁另作象徵分景。|moon,pavilion,person|patriotic|literal|interior|time=night
316|菡萏香銷翠葉殘|殘荷西風寄韶光憔悴；凋荷水面低垂，夢中雞塞不入現場。|lotus,pond|melancholy|literal|garden|withered=true;season=autumn
317|畫船聽雨眠|江南可留而歸鄉難堪；舟中眠客聽雨，皓腕如雪不畫雪景。|boat,river,rain,person|longing|literal|river|personAction=sleep;season=spring
318|終日望君君不至|獨倚望人不至，鵲聲徒增希望；池旁獨人杏蕊，戀人留空。|pond,person,flower,bird|longing|literal|garden|birdCount=1;season=spring
319|風簷展書讀|幽囚中讀書守正氣；狹室讀者昂然，歷代忠烈不拼成同場。|house,book,person|patriotic|literal|study|personAction=study
320|身世浮沉雨打萍|亡國身世如浮萍，丹心仍在；浮萍隨雨水起伏作象徵，汗青非青汗。|duckweed,rain,pond|patriotic|symbolic|river|
321|總把新桃換舊符|歲除迎新、門上換桃符；人掛木符与朝陽，桃符不是桃花。|house,person,wood,sun|joyful|literal|village|time=dawn;season=spring;personAction=hang;woodForm=tablet
322|傳與琵琶心自知|昭君遠嫁無人可語，情寄琵琶；車旁獨奏者，不混畫漢宮君王。|cart,pipa,person|longing|literal|journey|personAction=pipa
323|春風又綠江南岸|春岸復綠催思歸；舟望江南綠岸，何時月照還是未來盼望。|river,boat,grass,mountain|longing|literal|river|season=spring
324|一水護田|水環田、兩山如推門送青；兩座山實景擬人，不畫山長手。|river,field,mountain,house,flower|serene|literal|village|mountainCount=2
325|歸帆去棹殘陽裏|晚秋金陵江景引六朝興亡；去帆與殘陽，六朝人物不復活。|river,boat,sunset,mountain|patriotic|literal|river|time=dusk;season=autumn
327|身在最高層|塔頂遠望寓見識與抱負；人立最高層，雞鳴見日是傳聞不畫雞。|pavilion,mountain,person,cloud|heroic|literal|mountain|
328|尤在於名實|書信分辨改革名實；展卷與書寫者表理性答辯，不杜撰兩人會晤。|scroll,brush,person|serene|symbolic|study|personAction=write
329|有碑仆道|仆碑與入洞經驗引深思慎取；取倒碑察字，洞中火遊另景。|stone,path,person|serene|literal|object|personAction=inspect
330|不使學|父逐利帶童謁客，天才失學終泯然；父牽童離開書案。|person,book,coin|melancholy|literal|duet|personCount=2;personAction=lead
331|雞鳴狗盜之雄耳|重估孟嘗君得士之名；傳記書卷與批讀者，雞狗虎豹全是人事稱喻。|book,person|serene|symbolic|study|personAction=study
332|山是眉峰聚|以眉眼比山水，送人兼送春；水橫山聚，人物沿水路去，不画巨臉。|mountain,river,person,path|longing|symbolic|journey|personAction=walk;season=spring
333|若無眉|五官爭功反諷以功利論位置；完整人面眉眼口鼻各在其位。|face|serene|symbolic|object|
334|直欲求非常之功|友人直諫改革用心太過；一封書札與省思者，不預設書信雙方相聚。|scroll,person|serene|symbolic|study|
335|權知其意|內建段落止於孫權執魯肅手問策；二人宇下密談，不補火燒連環船。|person,house|heroic|literal|duet|personCount=2
336|且插梅花醉洛陽|疏狂自許而輕侯王；人簪梅把盞，留雲借月是仙官口吻非實事。|plum,cup,person|transcendent|symbolic|portrait|
337|次其簡編|整理大學章句以明修己治人；簡編與校讀者，古代君師不同時出現。|book,scroll,person|serene|literal|study|personAction=study
338|萬紫千紅總是春|尋芳見春也可寄求道；泗水春花作寓意景，不斷言作者實遊。|river,flower|joyful|symbolic|garden|season=spring
339|整頓几案|整潔案上正身細讀，心眼口三到；書不倒置，人物面向書頁。|book,desk,person|serene|literal|study|personAction=study
341|黃蜂頻撲鞦韆索|蜂撲空鞦韆殘香寄懷人；空座与蜂，當年纖手不畫成在場女子。|swing,bee,tree|longing|literal|garden|season=spring
342|暫滿還虧|月常相隨又有缺，雙重比喻離合；一輪缺月映樓，滿缺不疊同夜。|moon,pavilion|longing|symbolic|interior|time=night;crescent=true
343|幾家歡樂幾家愁|同月照不同命運；左右分置團聚與獨旅小景，月同而境異。|moon,house,person|melancholy|symbolic|separated|time=night;personCount=3
344|畫轂雕輪狹路逢|車簾中偶逢生相知；車旁人物回望，車如流水馬如龍不畫水龍。|cart,person,path|longing|literal|journey|personCount=2
345|共飲長江水|兩地相思由同江相連；兩人分在遠近兩岸，不能並肩同坐。|river,person|longing|symbolic|separated|personCount=2
347|彷彿夢魂歸帝所|夢中天海帆舞，寄現實失意與超越；雲海蓬舟明示夢境。|cloud,boat,star,sea|transcendent|dream|river|time=dawn
348|被翻紅浪|離愁中慵梳起身，紅浪是翻亂錦被；床、鏡與獨人，金猊是香爐。|bed,mirror,vessel,person|longing|literal|interior|
351|羸病臥殘陽|牛力盡仍願眾生飽；病牛伏在田邊夕照，非健牛歡奔。|ox,field,sunset|melancholy|symbolic|village|time=dusk;recliningAnimal=true
352|皆有墨|借摸鐘驗手識盜；鐘在帷內、眾人展示手掌，鐘不是神獸。|bell,screen,person|serene|literal|gathering|personCount=4;personAction=show_hands
353|向何處|中秋將旦追問月行，保留探索疑問；西落月與仰望者，鯨兔皆假想。|moon,person|transcendent|literal|river|time=dawn;lowMoon=true
354|欄干拍徧|游子拍欄看劍而報國無門；高樓人與吳鉤，玉簪螺髻是遠山形。|person,pavilion,sword,mountain,sunset|patriotic|literal|mountain|time=dusk;personAction=strike
355|斜陽草樹|尋常巷陌引歷史憂思；草樹夕照中空屋，金戈鐵馬屬追想。|grass,tree,house,sunset|patriotic|literal|village|time=dusk
358|青山遮不住|山重仍阻不住江流，寄堅定與憂思；江穿層山，淚水不作河中巨滴。|mountain,river|patriotic|literal|mountain|time=dusk
359|我見青山多嫵媚|交遊零落而與青山相知；獨者面山持盞，山不擬成女子面容。|mountain,person,cup|transcendent|symbolic|mountain|
360|畫簷蛛網|蛛網留絮似挽春，寄政治失意；屋簷蛛絲與殘花，不把詞牌畫成魚。|web,house,flower|melancholy|symbolic|garden|season=spring
361|欲說還休|少年強說愁對照如今難言；老者沉默望秋，少年登樓另時。|person,tree|melancholy|symbolic|portrait|season=autumn
362|殘英小|惜落花也是惜客中年華；微小殘花別在巾上，落花美人只是比喻。|flower,person|longing|literal|garden|fallenFlowers=true;season=spring
363|纖手破新橙|夜間相對剖橙留客；橙與刀近手，刀如水鹽勝雪不添水雪。|orange,chisel,person,vessel|longing|literal|duet|personCount=2;time=night
364|夜深月過女牆來|空城夜月見興亡；矮城牆半沒霧、月照江，髻鬟是山形。|wall,moon,river,cloud|patriotic|literal|river|time=night
366|回頭迢遞便數驛|離舟疾行回首，柳岸漸遠；舟中人望岸，月榭攜手屬回憶。|boat,river,willow,person|longing|literal|river|personAction=look_back
367|玉城雪嶺|潮頭似城似雪山；實際只畫層層白浪，不能添加城堡雪峰。|waves,sea|heroic|literal|river|
369|瀟瀟雨歇|雨歇憑欄激昂思國恥；仰首者与欄杆，壯志餐飲為誇語不實畫。|person,pavilion|patriotic|literal|portrait|personAction=look_moon
370|西湖歌舞幾時休|歌舞醉生忘國難；湖樓宴客繁華中帶批判，不當單純旅遊海報。|pond,pavilion,person,cup|patriotic|literal|gathering|personCount=4
371|山綴榜末先歸|巧語道出落榜；榜單末位與詢問兩人，孫山是人名非山。|scroll,person|serene|literal|duet|personCount=2
373|長煙落日孤城閉|邊城封閉與不得歸之愁；秋山孤城晚煙，後段不寐另是夜景。|mountain,wall,smoke,sunset|patriotic|literal|mountain|time=dusk;season=autumn
374|山映斜陽天接水|闊麗秋色引羈旅鄉思；黃葉水天夕陽，不與夜月同時。|mountain,river,tree,sunset,cloud|longing|literal|river|time=dusk;season=autumn
375|也傍桑陰學種瓜|童孫模仿大人勞作；桑陰幼童種瓜，夜績麻另時。|tree,sprout,person,field|joyful|literal|village|personCount=2;personAction=farm;season=summer
376|盡薺麥青青|繁華舊城化荒地寄黍離悲；空城野麥與廢池，胡馬是過去兵禍。|wall,grass,pond,tree|patriotic|literal|village|ruined=true;time=dusk;season=winter
377|倚闌干處|登樓凝愁，遠人誤認歸舟是想像；眼前獨人暮江，不補歸舟佳人。|pavilion,person,river,sunset|longing|literal|interior|time=dusk;season=autumn
378|執手相看淚眼|驟雨初歇、舟催離別；兩人執手立岸，曉風殘月是別後想像。|person,boat,river,pavilion|longing|literal|farewell|personCount=2;time=dusk;onBoat=false
379|煙柳畫橋|杭州繁盛以煙柳畫橋水村為主；潮的霜雪是浪花，桂荷不同節候分開。|willow,bridge,house,river|joyful|literal|village|
380|衣帶漸寬終不悔|春愁為相思至憔悴仍不悔；樓前瘦影與寬帶，強醉不能畫成歡宴。|pavilion,person,grass,sunset|longing|literal|interior|time=dusk;season=spring
381|有豺狼當轍|歸去受權勢阻擋，豺狼作政治比喻；停車與受阻道路明示寓意。|cart,path,stone|patriotic|symbolic|journey|
382|小園香徑獨徘徊|花落燕歸中感時光難返；香徑一人與歸燕，去年亭臺非另一宴席。|path,flower,bird,person|melancholy|literal|garden|fallenFlowers=true;birdCount=2;time=dusk
383|落花人獨立|夢醒後孤人對雙燕，對比離合；落花微雨，初見小蘋是回憶。|person,flower,rain,bird|longing|literal|garden|personCount=1;birdCount=2;fallenFlowers=true
384|今宵賸把銀釭照|久別重逢猶疑夢中；燈下二人互看，當年舞宴另時。|lamp,person|longing|literal|duet|personCount=2;time=night
385|孤館閉春寒|春寒孤館承漂泊恨；閉門與暮色，霧中樓臺隱沒，梅魚是寄信典。|house,person,sunset|melancholy|literal|interior|time=dusk;season=spring
386|銀漢迢迢暗度|牛女神話讚久長真情；銀河星橋兩人相會，柔情似水不畫地上洪流。|star,bridge,person|longing|imagined|celestial|personCount=2;time=night
387|令登講席|白鹿洞講義辨義利勉篤行；講席師友相向，白鹿是地名不畫鹿。|person,book|serene|literal|study|personCount=4
389|家祭無忘告乃翁|臨終以未統一為悲、託後人告祭；祭文與空位寄未來希望。|scroll,vessel|patriotic|imagined|object|
390|鏡中衰鬢已先斑|壯志未酬今已老；鏡前衰髮與舊戎器，樓船夜雪屬早歲。|mirror,person,sword|patriotic|literal|portrait|
391|桃花落|重逢難復合，花落閒池映相思；池邊兩人隔距，山盟不是群山。|pond,peach,person|longing|literal|separated|personCount=2;fallenFlowers=true;season=spring
392|塵暗舊貂裘|舊戰衣蒙塵寄壯志難酬；老者與貂裘，當年匹馬不入現實。|person,clothing|patriotic|literal|interior|
393|柳暗花明又一村|山水曲折後豁然见村；路穿柳花指向村舍，月下叩門是將來之約。|mountain,river,path,willow,flower,house|joyful|literal|journey|season=spring
394|戍樓刁斗催落月|白髮戍人空盼恢復；樓頭夜候，月已將落，朱門歌舞另地。|pavilion,person,moon|patriotic|literal|war|time=night;lowMoon=true
395|回首白雲低|華山極高使雲在腳下；人小峰高，日近是視覺感受非太陽落地。|mountain,cloud,sun,person|heroic|literal|mountain|
396|更南浦|送胡邦衡南去含家國痛；岸柳前兩人舉杯，崑崙傾柱是國運比喻。|river,willow,cup,person|patriotic|literal|farewell|personCount=2
397|雲破月來花弄影|月穿雲使花影搖動，惜春傷年；月花影與池鳥，明日落紅未發生。|moon,cloud,flower,pond,bird|longing|literal|garden|time=night;birdCount=2;castShadows=true
398|剪燭看吳鈎|聞捷仍懷建功之志；燭下看劍，雪洗虜塵是戰勝之喻非雪景。|lamp,sword,person|patriotic|literal|interior|time=night
399|斷橋斜日歸船|暮春歸舟含故國之傷；斷橋夕照與船，鶯燕今昔不混繁盛。|bridge,boat,pond,sunset|melancholy|literal|river|time=dusk;season=spring
400|采芳人杳|舊人不見使賞春失趣；空花徑与獨客，燕子去向未明不添雙燕。|person,flower,path|longing|literal|garden|season=spring
401|師友以解其惑|縣學重修身實踐、師友解惑；學舍共同研讀，非六藝戰獵拼盤。|house,book,person|serene|symbolic|study|personCount=4
402|戰兢自持|視聽言動皆須敬慎；端正人物與四箴書卷，戰兢是謹慎非戰爭。|person,scroll|serene|symbolic|study|
403|一枝紅杏出牆來|閉門不掩春意；牆外只伸一杏枝，園內景不可全揭開。|wall,apricot,house|joyful|literal|garden|season=spring
404|梅子黃時雨|煙草風絮梅雨比閒愁密廣；暮春煙草細雨，梅子不是冬梅。|grass,rain|longing|symbolic|river|season=summer
405|想得讀書頭已白|遙想友人清貧白頭苦讀；溪旁室內读者，桃李春酒是往日聚會。|person,book,house,river|longing|imagined|study|personAction=study
406|因風吹過薔薇|尋春不得只聞黃鸝；鳥在薔薇旁，春歸無蹤非可見女子。|bird,flower|longing|literal|garden|birdCount=1;season=spring
407|澄江一道月分明|公務後登閣放懷；秋山澄江月，歸船笛聲是志願。|river,moon,mountain,bare_tree,pavilion|transcendent|literal|river|time=night;season=autumn
408|醉裏簪花倒著冠|白髮簪菊不畏冷眼；持酒簪花者與笛，明言任真自適。|person,chrysanthemum,cup,flute|transcendent|literal|portrait|season=autumn
410|飛入菜花無處尋|童追黃蝶至菜花而失其蹤；童停望花叢，蝶隱入同色花間。|person,flower,fence,path|joyful|literal|garden|personAction=search;season=spring
412|江上舟搖|舟過吳江風雨引歸心；舟與江雨，回家調笙尚是盼望。|boat,river,rain,house|longing|literal|river|weather=rain;season=spring
413|而今聽雨僧廬下|三階段聽雨寫一生悲歡；預設老年僧廬雨，不疊少年燭與壯年舟。|house,person,rain|melancholy|literal|interior|time=night
415|男兒西北有神州|由客遊狎樂轉向家國抱負；人物收杯望西北，不把西北都畫成沙漠。|person,cup|patriotic|symbolic|portrait|
416|太夫人以荻畫地|貧家以荻教字；母子俯向地上字跡，荻是手中筆材非蘆洲。|person,reed_pen,earth|serene|literal|study|personCount=2;personAction=write
417|以三矢賜莊宗|三箭寄父志，盛衰關乎人事；父子授箭，不把歷代戰役混場。|arrow,person|patriotic|recollection|duet|personCount=2;arrowCount=3
418|未語春容先慘咽|欲說歸期先哽咽，離恨源自深情；樽前二人無語，不添風月模板。|cup,person|longing|literal|duet|personCount=2
419|不見去年人|今年月燈依舊而舊人缺席；燈月下一人，去年約會分景。|lamp,moon,person|longing|literal|garden|time=night;lanterns=true
420|歐陽子方夜讀書|夜讀聞秋聲而感身心衰耗；書窗與童子，波濤兵馬只是聲音比喻。|house,person,book,tree|melancholy|literal|interior|personCount=2;time=night;season=autumn
421|林間自在啼|自由林啼勝籠中鳴；畫花樹間鳥，金籠作否定比較不加。|bird,tree,flower|joyful|literal|garden|birdCount=1
422|玉不琢|學習改造性情；琢玉工具與未成器玉，明示譬喻非玉匠傳。|jade,chisel|serene|symbolic|object|
423|亂紅飛過鞦韆去|深院人留不住春；風雨落花掠空鞦韆，遊冶者在不可見遠處。|wall,swing,flower,rain|longing|literal|garden|fallenFlowers=true;time=dusk;season=spring
424|自錢孔入|熟能生巧，油線穿錢孔入葫蘆；細線對準孔口，人手與器物相連。|gourd,coin,ladle,person|serene|literal|object|personAction=pour
425|草薰風暖搖征轡|春暖行旅愈遠愁愈深；征馬過溪橋柳岸，樓中人是遙想。|horse,person,bridge,willow,river|longing|literal|journey|season=spring
426|太守醉也|與民同樂為核心；亭前賓主宴集與醉太守，鳥樂屬遊人散後另景。|pavilion,cup,person,river|serene|literal|gathering|personCount=5
427|太夫人告之|母述父廉德以教子；母子對坐追憶，亡父不在現場，墓表另作題跋。|person,scroll|longing|recollection|duet|personCount=2
428|日削月割|賂秦失土愈甚，警戒屈於積威；土地圖卷割裂寓國勢，不畫月亮被切。|map,chisel|patriotic|symbolic|object|
429|滿川風雨看潮生|春陰晚泊看潮，靜觀中有力量；祠下孤舟與川雨，犢頭是地名。|boat,house,river,waves,rain|serene|literal|river|time=dusk;season=spring
431|徒步往來山中|昔豪俠今棄富貴隱居；方高帽山行者，已棄車馬不添加。|person,path,mountain|transcendent|literal|journey|personAction=walk;squareHat=true
433|一池萍碎|楊花漂墜化相思，雨後池萍碎；水面飛絮與浮萍，淚不畫巨水滴。|duckweed,pond,willow|longing|symbolic|garden|season=spring
434|曲港跳魚|夜宿夢醒見月荷清景，明月如霜非雪；清港魚荷與月，不添夢中佳人。|pond,fish,lotus,moon|solitude|literal|garden|time=night
435|獨與邁乘小舟至絕壁下|親察聲因勝臆斷；父子夜舟貼石壁、波入石罅，鐘聲不代表山上大鐘，不把士大夫不肯夜泊的否定句當事件。|boat,person,stone,river,mountain|serene|literal|river|time=night;personCount=2
436|小軒窗|夢中亡妻梳妝、二人無言；明示夢境，孤墳月松屬遙想另景。|house,mirror,person|longing|dream|interior|personCount=2
437|左牽黃|出獵牽黃犬擎蒼鷹寄報國志；人犬鷹同組，天狼是政治星喻非狼。|person,dog,bird,bow|heroic|literal|war|birdCount=1;birdAction=falcon
438|卻教明月送將來|花影日去月來，影掃不開；月下花影在台階，非新花忽然長出。|moon,flower,pavilion|zen|literal|garden|time=night;castShadows=true
439|泥上偶然留指爪|雪泥鴻爪喻人生偶然痕跡；只留雪泥爪印，鴻已飛不再站在泥上。|earth,tracks,snow|transcendent|symbolic|object|
443|起來攜素手|追述宮中夜納涼又感年華；池殿二人攜手，冰肌玉骨不是冰雕。|person,pavilion,pond,moon|longing|recollection|duet|personCount=2;time=night;season=summer
444|門前流水尚能西|西流溪水啟人生可更新；蘭芽溪流松路，黃雞是衰老感喻不添加。|river,sprout,pine,path|transcendent|literal|river|time=dusk;season=spring
447|擷園蔬|粗食亦可樂，超然在心；亭中友人共蔬飯，四時雨雪風月不混畫。|pavilion,vessel,cup,person|transcendent|literal|gathering|personCount=3
449|牆外行人|牆內笑聲與牆外多情形成隔絕；只見牆外人，佳人位置不直接揭露。|wall,person,path|longing|literal|journey|season=spring
450|倚仗聽江聲|夜歸敲門不應，獨聽平江；人倚杖門外，小舟寄生是願望。|person,house,river|transcendent|literal|interior|time=night
452|最是橙黃橘綠時|殘荷衰菊之外仍有成熟好景；黃橙綠橘為主，不畫盛夏蓮池。|orange,chrysanthemum|transcendent|literal|object|season=autumn;withered=true
453|氣可以養而致|養氣須閱世交賢；行旅人與書卷寄求教，無據師生會晤不實寫。|person,scroll,path|heroic|symbolic|journey|
454|晝則舟楫出沒|登亭見江之盛而自適；白晝舟楫遠近，夜間魚龍光影另時。|pavilion,river,waves,boat|transcendent|literal|river|time=day
455|隻影向誰去|伴侶死後孤雁失依；一雁面暮雪群山，双飛是往昔。|bird,mountain,snow,cloud|longing|imagined|mountain|birdCount=1;time=dusk;weather=snow
458|掩重門暮雨紛紛|春景愈美別情愈深；閉門暮雨與消瘦者，醉臉桃花非真的醉人。|house,rain,person|longing|literal|interior|time=dusk;season=spring
459|煙波釣叟|漁者忘機自得勝富貴；秋江蘆柳旁釣者與水鳥，不添官帽王侯。|river,reeds,willow,person,bird|transcendent|literal|river|personAction=fish;birdCount=2;season=autumn
460|拾薪為燭|岳飛少時貧而勤讀；薪火照兵書，生時大禽另屬出生敘事。|person,book,fire,wood|heroic|literal|study|personAction=study;time=night
462|禾黍高低六代宮|霸業終歸禾黍荒墓；田穀蓋宮址、墓樹疏影，非英雄騎戰。|grain,grave,tree,wall|melancholy|literal|village|ruined=true
463|昭君出塞|帝王留飲拖延送別，昭君仍要啟程；酒盞與出行二人，風雪旌節烘悲。|person,cup,cart,banner|longing|literal|farewell|personCount=2
464|探梅人過溪橋|清幽山齋中有探梅來客；橋上人、紅葉山齋，梅尚在尋訪。|bridge,river,house,tree,person|zen|literal|journey|personAction=walk;season=autumn;redLeaves=true
465|長天落綵霞|湖上晚霞映水引夜遊雅興；預設暮湖山花，後段月夜宴歸另景。|pond,mountain,cloud,flower|joyful|literal|river|time=dusk
466|讀書人一聲長嘆|歷史悲劇皆使生民受害；讀史者長嘆，烏江赤壁玉門不混現場。|person,book|patriotic|symbolic|study|
467|宮闕萬間都做了土|興亡都使民苦；潼關山河路與殘基、行者，宮闕不恢復輝煌。|mountain,river,path,earth,person|patriotic|literal|mountain|
468|冷風來何處香|踏霜尋梅忽見素花；淡日下白梅与尋者，縞袂綃裳是梅喻。|plum,person,sun|zen|literal|garden|season=winter;plumColor=ink
469|鄂王墳上草離離|忠臣死而國裂，墓草寄悲；墓前草與石獸，不能畫活獸奔走。|grave,grass,stone|patriotic|literal|object|season=autumn
470|半窗幽夢微茫|朦朧夢中見所思，醒後難忘；紗窗月与淡人影，梨花是淡妝比喻。|house,moon,person|longing|dream|interior|time=night
471|淺露金蓮|金蓮指纖足、鬟如鴉指黑髮；近景人物裙裳，不畫荷花烏鴉。|person,clothing|joyful|literal|portrait|
472|南畝耕|經歷世態後甘於閒適不爭；田間耕者，東山臥是另一生活片段。|field,person,hoe|transcendent|literal|village|personAction=farm
473|正旦帶枷上|竇娥枷身喊冤，控訴司法不公；冤者與白練旗桿，節錄未至六月雪。|person,cangue,banner,silk|patriotic|literal|war|
475|不貴於無過|立志勤學改過責善，重能改而非無過；師生同坐議學，無舵舟是比喻。|person,book|serene|symbolic|study|personCount=3
476|循讀再三|史可法答書辨忠義與正統；讀札與回書者，琬琰是美稱非珠玉。|person,scroll,brush|patriotic|literal|study|personAction=write
477|灑掃庭除|黎明清掃、知物力艱難；家人掃院與朴素碗飯，未雨掘井是勸喻。|house,person,broom,vessel|serene|literal|village|time=dawn;personAction=sweep
478|揀那熟透的大桃|悟空偷食蟠桃見不受拘束；猴在桃樹上取熟果，不補未收錄的戰天兵。|monkey,fruit_peach,tree|joyful|imagined|garden|
479|手自筆錄|寒中借書手抄守約，勉後學專心；抄書者與冰硯，非受富貴宴請。|book,brush,inkstone,person|serene|recollection|study|season=winter;personAction=write
480|由儉入奢易|由衣食思節用，防奢侈難回；粗衣與簡飯近景，無浪費盛筵。|clothing,vessel,grain|serene|symbolic|object|
481|揀個濟楚閣兒裏坐下|俠義從聽見苦情而起；酒樓三人席間，不以聲音比喻畫法器彩鋪。|person,cup,pavilion|heroic|literal|gathering|personCount=3
483|槁形灰心|文章貴本色與真識，不只修飾；書寫者凝神，灰心不畫灰燼屍體。|scroll,brush,person|serene|symbolic|study|personAction=write
484|天聰洞|探山見光自洞孔入；洞內兩圓一長穴透光，僧龜蟾只是巖形命名。|cave,stone,person|heroic|literal|mountain|caveHoles=3
485|放紙鳶|春風吹紙鳶寄對兒輩的期望；孩子執線、鳶在空中，人不真的升天。|kite,person,willow|joyful|literal|garden|personCount=2;season=spring
486|縱談天下事|徐文長才高而放達難遇；葛巾書生與胡宗憲對談，蛇行形容卑屈非蛇。|person,scroll|heroic|literal|duet|personCount=2
487|柳條將舒未舒|初春郊外新生解城居拘束；嫩柳寸麥清波，脫籠鵠是作者比喻。|willow,field,river,person|joyful|literal|village|season=spring
488|道逢老嫗磨杵|老嫗磨杵啟發堅持；杵貼石面、少年旁問，針尚未磨成。|person,stone,rod|serene|literal|duet|personCount=2;personAction=work
489|日遊其間以自娛|由任俠求功轉靜退收藏；室內琴書古器，馬劍是少年行。|person,qin,book,vessel|transcendent|literal|study|
490|列其姓名於大堤之上|五平民舍身赴義，以墓碑保存公共記憶；碑前拜者，非權貴墓園盛景。|grave,person|patriotic|literal|object|graveCount=5;personAction=mourn
491|人立小庭深院|春情從深院到遊園夢醒；取麗娘與春香庭前，夢中柳生另景。|house,flower,person|longing|literal|garden|personCount=2;season=spring
492|一壺濁酒喜相逢|漁樵笑談消解成敗；江渚白髮二人對飲，英雄只是歷史追想。|river,person,cup,mountain|transcendent|literal|gathering|personCount=2
493|一池草色萬蛙鳴|暴雨過後蛙鳴生機；雨已停、池草與蛙，龍去是雷雨神話用語。|pond,grass,frog|joyful|literal|garden|season=summer;weather=clear
494|乾若敗絮|柑外金玉內敗絮諷虛表官僚；一顆剖柑顯乾絲敗瓤，非鮮美果盤。|orange,person|patriotic|symbolic|object|spoiledFruit=true;personCount=2
495|山斷河出|龍門兩壁夾大河、棧道盤上；龍門是地名，石屏石几是天然岩形。|mountain,river,path,person|heroic|literal|mountain|personAction=walk
496|我生待明日|拖延使歲月空過；暮日下未動筆的書案，朝水與暮日分開。|sunset,desk,scroll,person|melancholy|symbolic|study|time=dusk
499|二人在舟中共議|孔明與魯肅赴柴桑商議抗曹；二人舟談，不以舌戰畫武器打鬥。|boat,river,person|heroic|literal|river|personCount=2
500|碗中有雞肋|雞肋暗示進退兩難而招猜忌；帳中碗骨與猶豫者，非活雞。|vessel,bone,person,tent|melancholy|literal|interior|
501|這青苔碧瓦堆|朱樓盛宴終塌，寄亡國餘恨；瓦礫荒基前歌者，鬼哭屬曲中哀音。|earth,wall,person,grass|patriotic|literal|village|ruined=true
502|即解貂覆生|左公護寒中伏案書生見惜才；一人披衣覆另一人，忠義由師承延續。|person,desk,book,clothing|serene|literal|study|personCount=2;personAction=cover;season=winter
503|取舍從違|多爾袞以局勢施壓勸服；軍帳書信與使者寄外交攻心，不替立場背書。|scroll,person,tent|patriotic|literal|study|
504|小簟輕衾各自寒|同舟聽雨而情意隔絕；船中兩個分開臥位，不能擁抱同衾。|boat,rain,person,mat|longing|recollection|separated|personCount=2;time=night;season=autumn
505|老去填詞|十年磨劍轉老年寄恨填詞；白髮作者與詞稿，磨劍為經歷與志業比喻。|person,scroll,brush|melancholy|literal|study|personAction=write
506|關山漂泊腰支細|圓圓命運被權勢與戰乱牽引；孤女子與行車，不把紅顏妖魔化。|person,cart,mountain|melancholy|recollection|journey|
507|欲滴椒漿淚滿樽|憑弔侯朝宗兼感慨故交信義；酒奠與讀史者，侯嬴典故不當同人。|cup,scroll,person|melancholy|symbolic|object|
508|范進方才把銀子收下|中舉後鄉紳驟然攀附揭世態；范進與贈銀者作揖，突出前後反差。|person,coin,house|serene|literal|duet|personCount=2
509|可口則蓮實與藕|蓮兼有觀賞實用之美；蓮花葉、蓮蓬和剖藕同株物產圖，不借君子獨潔概括。|lotus,lotus_root,seedpod|joyful|literal|object|season=summer
510|以叢草為林|童眼把草蟲看成林獸；實畫蹲童與小草蟲，不能真的造大山巨獸。|grass,insect,stone,person|joyful|recollection|object|personAction=inspect
511|戲與山妻談故事|赴戍仍以國利重於禍福，戲語慰家人；旅裝夫婦相對，非慶功。|person,bag|patriotic|literal|duet|personCount=2
513|勿拘其途|論文剛柔相濟、才各有路；兩種疏密筆跡與書札，風雲雷霆是文風比喻。|brush,scroll|serene|symbolic|object|
514|日上|泰山雪晨觀日，壯闊來自高處；日觀峰無樹無鳥、無瀑布，只雪峰日海。|mountain,snow,sun,cloud,person|heroic|literal|mountain|time=dawn;season=winter;weather=clear
515|皆其手寫|為亡友保全集稿與真意；手稿封送、空案留念，山陽笛為悼友用典。|scroll,box,person|melancholy|literal|study|
516|千金買寶刀|珍重熱血與革命豪情；寶刀酒裘寄抱負，化碧濤是精神比喻。|sword,cup,clothing|heroic|symbolic|object|
517|夜深千帳鐙|出關雪夜行軍思鄉，帳燈綿延；山程水程是旅途，不混故園團聚。|tent,lamp,snow,person|longing|literal|war|time=night;weather=snow;season=winter
518|一昔如環|滿月短暫缺月常見喻悼亡；一缺月與空簾寄失伴，不混春蝶秋墳時序。|moon,house|longing|symbolic|interior|time=night;crescent=true
519|葬三妹素文|祭妹追悔與手足情深；羊山墓前奠文，童年共讀另是回憶。|grave,scroll,person|melancholy|literal|object|personAction=mourn;season=winter
520|忙趁東風放紙鳶|散學兒童放鳶，春日生機；孩子握線、柳岸草地，鶯在遠樹。|kite,person,willow,grass|joyful|literal|garden|personCount=3;season=spring
521|步步留心|黛玉初入賈府謹慎不安；少女與侍者在重門間，室飾草莽不畫野獸。|person,house,screen|longing|literal|interior|personCount=3
522|吾一瓶一缽足矣|貧僧靠實行達志；瓶缽與行腳僧，富僧未買之舟不加。|vessel,person,path|serene|symbolic|journey|personAction=walk
523|人心陷溺|憂世道人心而邀友共議；案上往返信札，陷溺是道德比喻不畫洪水。|scroll,person|patriotic|symbolic|study|
524|讀書寫字|家書勉勤儉明理；晨起兒子讀寫、器物簡素，不添官服富貴。|book,brush,person|serene|symbolic|study|personAction=write;time=dawn
525|九月衣裳未剪裁|都門秋景藏一家生計寒愁；未裁秋衣與愁客，無竹不添加竹。|clothing,person,house|melancholy|literal|interior|season=autumn
526|祇知獨夜不平鳴|落拓書生夜吟不平；獨坐詩卷前，仙佛未成不画成神仙。|person,scroll|melancholy|literal|study|time=night
527|始復於街頭理其舊業|國變後重返街頭說書，身歷提升情感；說者與聽众，刀劍鐵騎是聲喻。|person,wood|patriotic|literal|gathering|personCount=5;woodForm=block
528|有鄉人貨梨於市|種梨幻術諷吝嗇；梨車、乞梨道士與賣者對峙，神奇生長另景。|pear,cart,person|serene|literal|duet|personCount=2
530|飛入梅花都不見|雪與白梅相融；淡墨枝、留白梅與雪，不能用豔紅梅破壞句意。|plum,snow|zen|literal|garden|plumColor=ink;weather=snow
531|問與學|好問破疑不分尊卑；長幼互問共讀，老者也有聽問姿態。|person,book|serene|symbolic|study|personCount=3
532|命童子取土平之|窪地補平卻不習慣，警慎始；室內補土處與低頭察看的讀者。|earth,person,house,book|serene|literal|interior|personAction=inspect
533|一片白花|大明湖蘆花映斜陽，倒影尤清；真山在上水影在下，兩山不是並列實峰。|pond,mountain,reeds,sunset,willow|joyful|literal|river|time=dusk;reflection=true;season=autumn
534|其雛四五|雛鳥追貓悼母，借此譴權勢殘民；小鳥逐退貓，母鳥已死不再飛。|cat,bird,house|melancholy|literal|duet|birdCount=4;birdAction=chase
535|始知其為壁也|油畫逼真令人誤認戰場；觀者手觸畫壁，戰爭圖像明確框在畫中。|picture,person|serene|literal|interior|personAction=touch;pictureSubject=battle
537|要做則做|行動才能學會，莫待明日；書案前開始落筆，引用朝水暮日不混時。|person,brush,scroll|serene|symbolic|study|personAction=write
538|右脅夾大鐵椎|異人藏器未用寄豪傑不遇；客席健者持鐵椎，張良力士為作者類比。|person,hammer,vessel|heroic|literal|gathering|personCount=2
539|恥尤為要|廉恥是立人立國根本；讀史自省者與卷冊，雞鳴風雨屬守節比喻。|book,person|patriotic|symbolic|study|personAction=study
